file,id,bank,bank_code,holder,occupation,city,account_type,account_no,ifsc,branch,period_from,period_to,pages,txn_count,opening_balance,closing_balance,total_debit,total_credit
01_HDFC_Arjun-Deshpande_Bengaluru.pdf,01,HDFC Bank,HDFC,Arjun Deshpande,Software Engineer,Bengaluru,SAVINGS,50101920220931,HDFC0290996,Koramangala 5th Block,2026-03-01,2026-08-31,13,534,142380.55,95215.86,612790.65,565625.96
02_SBI_Sunita-Mishra_Lucknow.pdf,02,State Bank of India,SBI,Sunita Mishra,Government School Teacher,Lucknow,SAVINGS,31833469730,SBIN0873991,Hazratganj Ashok Marg,2026-03-01,2026-08-31,6,198,88420.0,155100.88,245408.25,312089.13
03_PNB_Rakesh-Agarwal_Indore.pdf,03,Punjab National Bank,PNB,Rakesh Agarwal,Kirana Store Owner,Indore,CURRENT,1771000194354776,PUNB0944216,Vijay Nagar Scheme 54,2026-06-01,2026-08-31,9,592,64210.75,36775.05,659840.7,632405.0
04_KOTAK_Imran-Ansari_Delhi.pdf,04,Kotak Mahindra Bank,KOTAK,Imran Ansari,Food Delivery Partner,Delhi,SAVINGS,7879426809,KKBK0506134,Karol Bagh Ajmal Khan Road,2026-06-01,2026-08-31,6,314,2840.2,5088.0,70571.35,72819.15
05_ICICI_Naveen-Reddy_Hyderabad.pdf,05,ICICI Bank,ICICI,Naveen Reddy,Cab Driver,Hyderabad,SAVINGS,062501666804,ICIC0242194,Secunderabad SP Road,2026-06-01,2026-08-31,5,224,15630.4,27604.98,177653.11,189627.69
06_SBI_Sneha-Kulkarni_Pune.pdf,06,State Bank of India,SBI,Sneha Kulkarni,Student,Pune,SAVINGS,33724767021,SBIN0493110,Camp MG Road,2026-06-01,2026-08-31,5,148,9240.0,4981.32,40279.17,36020.49
07_SBI_Ashok-Chatterjee_Kolkata.pdf,07,State Bank of India,SBI,Ashok Chatterjee,Retired (PSU),Kolkata,SAVINGS,39862572462,SBIN0042857,Behala Chowrasta,2026-03-01,2026-08-31,5,161,213470.85,281096.09,209763.01,277388.25
08_BOB_Rekha-Chauhan_Jaipur.pdf,08,Bank of Baroda,BOB,Rekha Chauhan,Homemaker,Jaipur,SAVINGS,9818010006894795,BARB0264102,MI Road Panch Batti,2026-06-01,2026-08-31,3,133,47810.3,25236.03,127721.7,105147.43
09_AXIS_Kamlesh-Patel_Surat.pdf,09,Axis Bank,AXIS,Kamlesh Patel,Textile Trader,Surat,CURRENT,978863622603665,UTIB0091449,Adajan Gam,2026-06-01,2026-08-31,4,205,1284630.15,278231.77,15402648.38,14396250.0
10_ICICI_Divya-Pillai_Kochi.pdf,10,ICICI Bank,ICICI,Divya Pillai,Staff Nurse,Kochi,SAVINGS,032501109551,ICIC0468879,Edappally Bypass,2026-03-01,2026-08-31,4,154,21360.7,14894.78,201677.94,195212.02
11_HDFC_Pankaj-Mehta_Mumbai.pdf,11,HDFC Bank,HDFC,Pankaj Mehta,Chartered Accountant (Practice),Mumbai,SAVINGS,50107686525466,HDFC0757301,Dadar TT Circle,2026-06-01,2026-08-31,4,149,386240.6,449614.43,1214895.57,1278269.4
12_BOB_Dattatray-Bora_Nashik.pdf,12,Bank of Baroda,BOB,Dattatray Bora,Farmer,Nashik,SAVINGS,5297010003642295,BARB0690566,Nashik Road Deolali,2026-03-01,2026-08-31,3,122,18740.25,20575.25,375400.31,377235.31
13_PNB_Harpreet-Kaur_Chandigarh.pdf,13,Punjab National Bank,PNB,Harpreet Kaur,Bank Probationary Officer,Chandigarh,SAVINGS,5389000122058162,PUNB0341962,Mohali Phase 7,2026-03-01,2026-08-31,4,206,97520.45,61799.15,445840.05,410118.75
14_KOTAK_Nikhil-Bhatt_Goa.pdf,14,Kotak Mahindra Bank,KOTAK,Nikhil Bhatt,Freelance Product Designer,Goa,SAVINGS,7886373508,KKBK0532975,Margao Station Road,2026-06-01,2026-08-31,3,128,168930.1,60949.61,532871.15,424890.66
15_AXIS_Muthu-Krishnan_Chennai.pdf,15,Axis Bank,AXIS,Muthu Krishnan,Restaurant Owner,Chennai,CURRENT,914701339056395,UTIB0447187,Anna Nagar 2nd Avenue,2026-06-01,2026-08-31,9,445,412870.9,381538.9,5520117.0,5488785.0
16_ICICI_Aditya-Sethi_Gurgaon.pdf,16,ICICI Bank,ICICI,Aditya Sethi,Startup Founder,Gurgaon,SAVINGS,059501578667,ICIC0979879,DLF Cyber City Phase II,2026-06-01,2026-08-31,3,122,524180.35,250591.8,799415.87,525827.32
17_PNB_Gurpreet-Singh_Ludhiana.pdf,17,Punjab National Bank,PNB,Gurpreet Singh,Factory Machine Operator,Ludhiana,SAVINGS,5891000163814787,PUNB0828063,Gill Road Industrial Area,2026-06-01,2026-08-31,2,84,4310.6,16012.63,52575.8,64277.83
18_HDFC_Dr-Shalini-Thakur_Bhopal.pdf,18,HDFC Bank,HDFC,Dr Shalini Thakur,Consulting Physician,Bhopal,CURRENT,50103464485067,HDFC0314992,MP Nagar Zone I,2026-06-01,2026-08-31,16,631,298430.25,317642.58,700787.67,720000.0
19_SBI_Dinesh-Prasad_Patna.pdf,19,State Bank of India,SBI,Dinesh Prasad,Insurance Agent,Patna,SAVINGS,37280273848,SBIN0560714,Fraser Road,2026-03-01,2026-08-31,5,181,11280.9,26895.65,118404.32,134019.07
20_BOB_Jyoti-Saikia_Guwahati.pdf,20,Bank of Baroda,BOB,Jyoti Saikia,Retail Store Manager,Guwahati,SAVINGS,4378010005114480,BARB0777644,Dispur Last Gate,2026-08-01,2026-08-31,1,43,26540.15,19799.67,46155.59,39415.11
